"","n_obs","n_hauls","n_taxa","prop_ID_species","prop_ID_genus"
"1",26949929,98040,1752,0.819634703196347,0.102739726027397
