"","n_obs","n_hauls","n_taxa","prop_ID_species","prop_ID_genus"
"1",26825811,96606,1753,0.819167142042213,0.103251568739304
