"","n_obs","n_hauls","n_taxa","prop_ID_species","prop_ID_genus"
"1",27574298,102329,1772,0.821670428893905,0.102144469525959
