"","n_obs","n_hauls","n_taxa","prop_ID_species","prop_ID_genus"
"1",27285681,101501,1773,0.821771009588268,0.102086858432036
