"","n_obs","n_hauls","n_taxa","prop_ID_species","prop_ID_genus"
"1",27010537,99422,1745,0.8189111747851,0.103151862464183
